{
  "config": {
    "n_samples": 1000,
    "n_informative": 5,
    "n_redundant": 5,
    "correlation": 0.6,
    "noise_std": 1.0,
    "seed": 42
  },
  "metrics": [
    {
      "model": "OLS",
      "rmse": 1.0012963073971077,
      "mae": 0.7921167762910485,
      "r2": 0.8260611748827763,
      "coef_l2_error": 0.27437200218805013
    },
    {
      "model": "Ridge (\u03b1=1.0)",
      "rmse": 1.0003923452899355,
      "mae": 0.7920484901649972,
      "r2": 0.826375094210909,
      "coef_l2_error": 0.27301166588888065
    },
    {
      "model": "Lasso (\u03b1=0.1)",
      "rmse": 0.9919017993074281,
      "mae": 0.7967564697134409,
      "r2": 0.8293097716952478,
      "coef_l2_error": 0.5368172858132602
    }
  ]
}